{"time_per_iteration": 3.355854940414429, "time_total": 67.11709880828857}