{"time_per_iteration": 3.3766815066337585, "time_total": 67.53363013267517}