{"time_per_iteration": 25.139806002378464, "time_total": 1005.5922400951385}