{"time_per_iteration": 32.04044604897499, "time_total": 1281.6178419589996}