{"time_per_iteration": 27.658287405967712, "time_total": 1106.3314962387085}