{"time_per_iteration": 18.408177477121352, "time_total": 736.3270990848541}