{"time_per_iteration": 3.1715654492378236, "time_total": 63.43130898475647}