{"time_per_iteration": 15.324027669429778, "time_total": 306.4805533885956}