{"time_per_iteration": 3.51296124458313, "time_total": 70.2592248916626}