{"time_per_iteration": 17.733303475379945, "time_total": 354.6660695075989}