{"time_per_iteration": 20.522045069932936, "time_total": 820.8818027973175}