{"time_per_iteration": 3.02484769821167, "time_total": 60.4969539642334}