{"time_per_iteration": 13.828793519735337, "time_total": 553.1517407894135}