{"time_per_iteration": 3.1847429394721987, "time_total": 63.69485878944397}