{"time_per_iteration": 13.62769284248352, "time_total": 272.5538568496704}