{"time_per_iteration": 31.494367057085036, "time_total": 1259.7746822834015}