{"time_per_iteration": 28.319658106565477, "time_total": 1132.786324262619}