{"time_per_iteration": 3.396345543861389, "time_total": 67.92691087722778}