{"time_per_iteration": 3.1941702723503114, "time_total": 63.883405447006226}