{"time_per_iteration": 3.376145601272583, "time_total": 67.52291202545166}