{"time_per_iteration": 3.0936693429946898, "time_total": 61.8733868598938}