{"time_per_iteration": 3.52251056432724, "time_total": 70.4502112865448}