{"time_per_iteration": 20.634389585256578, "time_total": 825.3755834102631}