{"time_per_iteration": 25.425486201047896, "time_total": 1017.0194480419159}