{"time_per_iteration": 3.226185178756714, "time_total": 64.52370357513428}