{"time_per_iteration": 3.160375201702118, "time_total": 63.20750403404236}