{"time_per_iteration": 3.1403478622436523, "time_total": 62.80695724487305}