{"time_per_iteration": 9.755732554197312, "time_total": 390.22930216789246}