{"time_per_iteration": 2.5587910294532774, "time_total": 51.17582058906555}