{"time_per_iteration": 21.255240041017533, "time_total": 850.2096016407013}