{"time_per_iteration": 3.1785373091697693, "time_total": 63.570746183395386}