{"time_per_iteration": 3.2911282181739807, "time_total": 65.82256436347961}