{"time_per_iteration": 2.218899154663086, "time_total": 44.37798309326172}