{"time_per_iteration": 3.2966274499893187, "time_total": 65.93254899978638}