{"time_per_iteration": 2.8228262424468995, "time_total": 56.45652484893799}