{"time_per_iteration": 19.673220306634903, "time_total": 786.9288122653961}