{"time_per_iteration": 14.643886029720306, "time_total": 292.8777205944061}