{"time_per_iteration": 3.602975630760193, "time_total": 72.05951261520386}