{"time_per_iteration": 2.6741782665252685, "time_total": 53.48356533050537}