{"time_per_iteration": 3.291738450527191, "time_total": 65.83476901054382}