{"time_per_iteration": 22.655469197034837, "time_total": 906.2187678813934}