{"time_per_iteration": 15.093707847595216, "time_total": 301.8741569519043}