{"time_per_iteration": 2.2539413928985597, "time_total": 45.07882785797119}