{"time_per_iteration": 2.849166738986969, "time_total": 56.98333477973938}