{"time_per_iteration": 2.782644510269165, "time_total": 55.6528902053833}