{"time_per_iteration": 18.26769967675209, "time_total": 730.7079870700836}