{"time_per_iteration": 8.77349520921707, "time_total": 175.46990418434143}