{"time_per_iteration": 3.334221804141998, "time_total": 66.68443608283997}