{"time_per_iteration": 2.4388116717338564, "time_total": 48.776233434677124}