{"time_per_iteration": 14.203326106071472, "time_total": 284.06652212142944}