{"time_per_iteration": 3.1883374452590942, "time_total": 63.766748905181885}