{"time_per_iteration": 2.3348223209381103, "time_total": 46.69644641876221}