{"time_per_iteration": 3.2083194613456727, "time_total": 64.16638922691345}