{"time_per_iteration": 10.262167966365814, "time_total": 205.24335932731628}