{"time_per_iteration": 3.2634608864784242, "time_total": 65.26921772956848}