{"time_per_iteration": 3.138721215724945, "time_total": 62.7744243144989}