{"time_per_iteration": 2.993991470336914, "time_total": 59.87982940673828}