{"time_per_iteration": 3.1827998757362366, "time_total": 63.65599751472473}