{"time_per_iteration": 24.520695716142654, "time_total": 980.8278286457062}