{"time_per_iteration": 3.1350979804992676, "time_total": 62.70195960998535}