{"time_per_iteration": 16.65993015766144, "time_total": 333.19860315322876}