{"time_per_iteration": 10.944314080476762, "time_total": 437.77256321907043}