{"time_per_iteration": 2.8030761003494264, "time_total": 56.061522006988525}