{"time_per_iteration": 13.501431751251221, "time_total": 540.0572700500488}