{"time_per_iteration": 3.620447599887848, "time_total": 72.40895199775696}