{"time_per_iteration": 3.150597631931305, "time_total": 63.0119526386261}