{"time_per_iteration": 15.042521369457244, "time_total": 300.8504273891449}