{"time_per_iteration": 2.50907940864563, "time_total": 50.1815881729126}