{"TP": 16, "FP": 11, "FN": 14, "Precision": 0.5925925925925926, "Recall": 0.5333333333333333}