{"time_per_iteration": 3.192870557308197, "time_total": 63.85741114616394}