{"time_per_iteration": 3.297922933101654, "time_total": 65.95845866203308}