{"time_per_iteration": 2.813238596916199, "time_total": 56.264771938323975}