{"time_per_iteration": 2.900754714012146, "time_total": 58.01509428024292}