{"time_per_iteration": 10.630592572689057, "time_total": 212.61185145378113}