{"time_per_iteration": 14.46055178642273, "time_total": 289.2110357284546}