{"time_per_iteration": 13.9495570063591, "time_total": 278.991140127182}