{"time_per_iteration": 3.241101396083832, "time_total": 64.82202792167664}