{"time_per_iteration": 3.1931536912918093, "time_total": 63.86307382583618}