{"time_per_iteration": 2.785980451107025, "time_total": 55.7196090221405}