{"time_per_iteration": 25.24252195954323, "time_total": 1009.7008783817291}