{"time_per_iteration": 13.860401725769043, "time_total": 554.4160690307617}