{"time_per_iteration": 10.460326516628266, "time_total": 209.2065303325653}