{"TP": 5, "FP": 70, "FN": 25, "Precision": 0.06666666666666667, "Recall": 0.16666666666666666}