{"time_per_iteration": 8.868931788206101, "time_total": 354.757271528244}