{"time_per_iteration": 28.383090567588805, "time_total": 1135.3236227035522}