{"time_per_iteration": 22.058996015787123, "time_total": 882.359840631485}