{"time_per_iteration": 3.1358994126319883, "time_total": 62.71798825263977}