{"time_per_iteration": 2.9512654066085817, "time_total": 59.02530813217163}