{"time_per_iteration": 3.327097475528717, "time_total": 66.54194951057434}