{"time_per_iteration": 3.2635148882865908, "time_total": 65.27029776573181}