{"time_per_iteration": 3.5076015472412108, "time_total": 70.15203094482422}