{"time_per_iteration": 16.320169115066527, "time_total": 326.40338230133057}