{"time_per_iteration": 19.253638154268266, "time_total": 770.1455261707306}