{"time_per_iteration": 14.22548441886902, "time_total": 284.50968837738037}