{"time_per_iteration": 3.298047971725464, "time_total": 65.96095943450928}