{"time_per_iteration": 10.276965939998627, "time_total": 205.53931879997253}