{"time_per_iteration": 3.262900984287262, "time_total": 65.25801968574524}