{"time_per_iteration": 3.195311427116394, "time_total": 63.90622854232788}