{"time_per_iteration": 2.8935236811637877, "time_total": 57.87047362327576}