{"time_per_iteration": 3.3291558027267456, "time_total": 66.58311605453491}