{"time_per_iteration": 16.02797600030899, "time_total": 320.5595200061798}