{"time_per_iteration": 3.019915020465851, "time_total": 60.39830040931702}