{"time_per_iteration": 3.2851404666900637, "time_total": 65.70280933380127}