{"time_per_iteration": 25.158544278144838, "time_total": 1006.3417711257935}