{"time_per_iteration": 23.573455798625947, "time_total": 942.9382319450378}