{"time_per_iteration": 32.081739485263824, "time_total": 1283.269579410553}