{"time_per_iteration": 3.221458625793457, "time_total": 64.42917251586914}