{"time_per_iteration": 14.196210795640946, "time_total": 567.8484318256378}