{"time_per_iteration": 2.0720414876937867, "time_total": 41.44082975387573}