{"time_per_iteration": 37.00025053620338, "time_total": 1480.0100214481354}