{"time_per_iteration": 3.312986397743225, "time_total": 66.2597279548645}