{"time_per_iteration": 14.22791895866394, "time_total": 284.5583791732788}