{"time_per_iteration": 3.1218501210212706, "time_total": 62.437002420425415}