{"time_per_iteration": 17.512124514579774, "time_total": 700.4849805831909}