{"time_per_iteration": 15.1152911901474, "time_total": 302.305823802948}