{"time_per_iteration": 14.66122888326645, "time_total": 293.224577665329}