{"time_per_iteration": 20.684319424629212, "time_total": 827.3727769851685}