{"time_per_iteration": 3.1993926763534546, "time_total": 63.98785352706909}