{"time_per_iteration": 3.384855055809021, "time_total": 67.69710111618042}