{"time_per_iteration": 3.3401108264923094, "time_total": 66.80221652984619}