{"time_per_iteration": 16.631099677085878, "time_total": 332.62199354171753}