{"time_per_iteration": 12.902928709983826, "time_total": 258.0585741996765}