{"time_per_iteration": 12.159602928161622, "time_total": 243.19205856323242}