{"time_per_iteration": 2.5393383860588075, "time_total": 50.78676772117615}