{"time_per_iteration": 2.2898824214935303, "time_total": 45.797648429870605}