{"time_per_iteration": 16.08731166124344, "time_total": 321.7462332248688}