{"time_per_iteration": 3.420617067813873, "time_total": 68.41234135627747}