{"time_per_iteration": 15.04661191701889, "time_total": 300.9322383403778}