{"time_per_iteration": 14.789990699291229, "time_total": 295.7998139858246}