{"time_per_iteration": 2.0308168053627016, "time_total": 40.61633610725403}