{"time_per_iteration": 2.8565141320228578, "time_total": 57.13028264045715}