{"time_per_iteration": 2.812857484817505, "time_total": 56.2571496963501}