{"time_per_iteration": 15.256508350372314, "time_total": 305.1301670074463}