{"time_per_iteration": 17.73288016319275, "time_total": 354.657603263855}