{"time_per_iteration": 3.204741060733795, "time_total": 64.0948212146759}