{"time_per_iteration": 14.601454138755798, "time_total": 292.02908277511597}