{"time_per_iteration": 26.129755669832228, "time_total": 1045.1902267932892}