{"time_per_iteration": 10.078707838058472, "time_total": 403.14831352233887}