{"time_per_iteration": 2.7729121088981628, "time_total": 55.45824217796326}