{"time_per_iteration": 16.56455022096634, "time_total": 331.2910044193268}