{"time_per_iteration": 27.85024009346962, "time_total": 1114.0096037387848}