{"time_per_iteration": 2.8739962697029116, "time_total": 57.47992539405823}