{"time_per_iteration": 2.4800002217292785, "time_total": 49.60000443458557}