{"time_per_iteration": 3.0847599506378174, "time_total": 61.69519901275635}