{"time_per_iteration": 16.138128435611726, "time_total": 322.7625687122345}