{"time_per_iteration": 12.543511509895325, "time_total": 501.740460395813}