{"time_per_iteration": 17.48311619758606, "time_total": 349.6623239517212}