{"time_per_iteration": 19.670829504728317, "time_total": 786.8331801891327}