{"time_per_iteration": 3.414089250564575, "time_total": 68.2817850112915}