{"time_per_iteration": 3.2605863928794863, "time_total": 65.21172785758972}