{"time_per_iteration": 17.363285255432128, "time_total": 347.2657051086426}