{"time_per_iteration": 2.849056971073151, "time_total": 56.98113942146301}