{"time_per_iteration": 15.86693640947342, "time_total": 634.6774563789368}