{"time_per_iteration": 11.662157452106475, "time_total": 233.24314904212952}