{"time_per_iteration": 3.343254339694977, "time_total": 66.86508679389954}