{"time_per_iteration": 18.012758135795593, "time_total": 720.5103254318237}