{"time_per_iteration": 21.917925798892973, "time_total": 876.717031955719}