{"time_per_iteration": 3.575153410434723, "time_total": 71.50306820869446}