{"time_per_iteration": 17.510095679759978, "time_total": 350.2019135951996}