{"time_per_iteration": 3.372625505924225, "time_total": 67.4525101184845}