{"time_per_iteration": 3.5521249532699586, "time_total": 71.04249906539917}