{"time_per_iteration": 3.2324209690093992, "time_total": 64.64841938018799}