{"time_per_iteration": 3.4428455591201783, "time_total": 68.85691118240356}