{"time_per_iteration": 13.58392504453659, "time_total": 271.6785008907318}