{"time_per_iteration": 12.943447875976563, "time_total": 258.86895751953125}