{"time_per_iteration": 13.861880028247834, "time_total": 277.23760056495667}