{"time_per_iteration": 29.330889177322387, "time_total": 1173.2355670928955}