{"time_per_iteration": 3.31023485660553, "time_total": 66.2046971321106}