{"time_per_iteration": 18.372683435678482, "time_total": 734.9073374271393}