{"time_per_iteration": 18.146710658073424, "time_total": 725.868426322937}