{"TP": 26, "FP": 22, "FN": 4, "Precision": 0.5416666666666666, "Recall": 0.8666666666666667}