{"time_per_iteration": 3.229398190975189, "time_total": 64.58796381950378}