{"time_per_iteration": 3.5497584462165834, "time_total": 70.99516892433167}