{"time_per_iteration": 16.13754298686981, "time_total": 322.75085973739624}