{"time_per_iteration": 3.3693493247032165, "time_total": 67.38698649406433}