{"time_per_iteration": 16.531603515148163, "time_total": 330.63207030296326}