{"TP": 4, "FP": 30, "FN": 66, "Precision": 0.11764705882352941, "Recall": 0.05714285714285714}