{"time_per_iteration": 29.23228338956833, "time_total": 1169.2913355827332}