{"time_per_iteration": 3.327658987045288, "time_total": 66.55317974090576}