{"time_per_iteration": 3.112316572666168, "time_total": 62.246331453323364}