{"time_per_iteration": 2.5138410210609434, "time_total": 50.27682042121887}