{"time_per_iteration": 11.574667620658875, "time_total": 231.4933524131775}