{"time_per_iteration": 3.1116511821746826, "time_total": 62.23302364349365}