{"time_per_iteration": 3.3144980907440185, "time_total": 66.28996181488037}