{"time_per_iteration": 3.381863033771515, "time_total": 67.6372606754303}