{"time_per_iteration": 14.811919212341309, "time_total": 296.2383842468262}