{"time_per_iteration": 2.855442523956299, "time_total": 57.10885047912598}