{"time_per_iteration": 2.947547435760498, "time_total": 58.95094871520996}