{"time_per_iteration": 25.35109723806381, "time_total": 1014.0438895225525}