{"time_per_iteration": 2.4436922430992127, "time_total": 48.87384486198425}