{"time_per_iteration": 3.167099916934967, "time_total": 63.34199833869934}