{"time_per_iteration": 2.1512662172317505, "time_total": 43.02532434463501}