{"time_per_iteration": 3.377072608470917, "time_total": 67.54145216941833}