{"time_per_iteration": 3.4806748986244203, "time_total": 69.6134979724884}