{"time_per_iteration": 14.51970192193985, "time_total": 290.394038438797}