{"time_per_iteration": 14.684855484962464, "time_total": 293.69710969924927}