{"time_per_iteration": 10.932126367092133, "time_total": 437.2850546836853}