{"time_per_iteration": 14.18992214202881, "time_total": 283.7984428405762}