{"time_per_iteration": 11.352065479755401, "time_total": 227.04130959510803}