{"time_per_iteration": 10.54532015323639, "time_total": 210.90640306472778}