{"time_per_iteration": 10.39799222946167, "time_total": 207.9598445892334}