{"time_per_iteration": 23.85321260690689, "time_total": 954.1285042762756}