{"time_per_iteration": 17.741607588529586, "time_total": 709.6643035411835}