{"time_per_iteration": 3.163320279121399, "time_total": 63.26640558242798}