{"time_per_iteration": 3.3224201440811156, "time_total": 66.44840288162231}