{"time_per_iteration": 2.217226541042328, "time_total": 44.34453082084656}