{"time_per_iteration": 20.739703810214998, "time_total": 829.5881524085999}