{"time_per_iteration": 23.63370286822319, "time_total": 945.3481147289276}