{"time_per_iteration": 13.72847032546997, "time_total": 549.1388130187988}