{"time_per_iteration": 30.41673257946968, "time_total": 1216.6693031787872}