{"time_per_iteration": 3.3444149136543273, "time_total": 66.88829827308655}