{"time_per_iteration": 3.236675798892975, "time_total": 64.7335159778595}