{"time_per_iteration": 2.6548520922660828, "time_total": 53.097041845321655}