{"time_per_iteration": 14.747767746448517, "time_total": 294.95535492897034}