{"time_per_iteration": 15.518695044517518, "time_total": 310.37390089035034}