{"time_per_iteration": 18.334962236881257, "time_total": 366.6992447376251}