{"time_per_iteration": 14.943401622772218, "time_total": 298.86803245544434}