{"time_per_iteration": 3.2728606939315794, "time_total": 65.45721387863159}