{"time_per_iteration": 14.412911558151245, "time_total": 288.2582311630249}