{"time_per_iteration": 11.13368742465973, "time_total": 222.67374849319458}