{"time_per_iteration": 10.485699164867402, "time_total": 209.71398329734802}