{"time_per_iteration": 16.235856592655182, "time_total": 324.71713185310364}