{"time_per_iteration": 12.150271904468536, "time_total": 243.00543808937073}