{"time_per_iteration": 10.871164655685424, "time_total": 217.4232931137085}