{"time_per_iteration": 2.9233686566352843, "time_total": 58.46737313270569}