{"time_per_iteration": 10.629900181293488, "time_total": 212.59800362586975}