{"time_per_iteration": 16.06482199430466, "time_total": 321.29643988609314}