{"time_per_iteration": 2.968052291870117, "time_total": 59.361045837402344}