{"time_per_iteration": 3.226469540596008, "time_total": 64.52939081192017}