{"time_per_iteration": 3.1766595125198362, "time_total": 63.53319025039673}