{"time_per_iteration": 18.596447879076003, "time_total": 743.8579151630402}