{"time_per_iteration": 15.729893517494201, "time_total": 314.59787034988403}