{"time_per_iteration": 18.340046870708466, "time_total": 733.6018748283386}