{"time_per_iteration": 2.930212986469269, "time_total": 58.604259729385376}