{"time_per_iteration": 3.0788445353507994, "time_total": 61.57689070701599}