{"time_per_iteration": 3.4026638746261595, "time_total": 68.0532774925232}