{"time_per_iteration": 32.886173230409625, "time_total": 1315.446929216385}