{"time_per_iteration": 3.0112216472625732, "time_total": 60.224432945251465}