{"time_per_iteration": 16.09486428499222, "time_total": 321.89728569984436}