{"time_per_iteration": 21.194894379377367, "time_total": 847.7957751750946}