{"time_per_iteration": 2.8996715903282166, "time_total": 57.99343180656433}