{"time_per_iteration": 12.336062741279601, "time_total": 246.72125482559204}