{"time_per_iteration": 21.929725700616835, "time_total": 877.1890280246735}