{"time_per_iteration": 18.265283089876174, "time_total": 730.611323595047}