{"time_per_iteration": 14.806141781806947, "time_total": 296.1228356361389}