{"time_per_iteration": 14.213016819953918, "time_total": 284.26033639907837}