{"time_per_iteration": 3.3311758160591127, "time_total": 66.62351632118225}