{"time_per_iteration": 3.2421536326408384, "time_total": 64.84307265281677}