{"time_per_iteration": 3.4317142486572267, "time_total": 68.63428497314453}