{"time_per_iteration": 3.419419324398041, "time_total": 68.38838648796082}