{"time_per_iteration": 3.208068287372589, "time_total": 64.16136574745178}