{"time_per_iteration": 3.4890682220458986, "time_total": 69.78136444091797}