{"time_per_iteration": 14.43796364068985, "time_total": 288.759272813797}