{"time_per_iteration": 27.371167892217635, "time_total": 1094.8467156887054}