{"time_per_iteration": 3.2981184840202333, "time_total": 65.96236968040466}