{"time_per_iteration": 3.417476761341095, "time_total": 68.3495352268219}