{"time_per_iteration": 3.294699251651764, "time_total": 65.89398503303528}