{"time_per_iteration": 17.342366671562196, "time_total": 346.8473334312439}