{"time_per_iteration": 18.233350265026093, "time_total": 729.3340106010437}