{"time_per_iteration": 13.787717139720916, "time_total": 275.75434279441833}