{"time_per_iteration": 22.62197678089142, "time_total": 904.8790712356567}