{"time_per_iteration": 14.495657312870026, "time_total": 289.9131462574005}