{"time_per_iteration": 10.928434824943542, "time_total": 218.56869649887085}