{"time_per_iteration": 13.939646869897842, "time_total": 557.5858747959137}