{"time_per_iteration": 2.6176538944244383, "time_total": 52.35307788848877}