{"time_per_iteration": 20.425565069913866, "time_total": 817.0226027965546}