{"time_per_iteration": 1.9795080780982972, "time_total": 39.59016156196594}