{"time_per_iteration": 19.22430400252342, "time_total": 768.9721601009369}