{"time_per_iteration": 2.9845592975616455, "time_total": 59.69118595123291}