{"time_per_iteration": 4.098634099960327, "time_total": 81.97268199920654}