{"time_per_iteration": 17.59886603951454, "time_total": 703.9546415805817}