{"time_per_iteration": 11.764071369171143, "time_total": 235.28142738342285}