{"time_per_iteration": 15.99420498609543, "time_total": 319.88409972190857}