{"time_per_iteration": 3.2523412823677065, "time_total": 65.04682564735413}