{"time_per_iteration": 20.358731478452682, "time_total": 814.3492591381073}