{"time_per_iteration": 2.1603960275650023, "time_total": 43.20792055130005}