{"time_per_iteration": 13.816172468662263, "time_total": 276.32344937324524}