{"time_per_iteration": 3.2525370597839354, "time_total": 65.05074119567871}