{"time_per_iteration": 14.474079263210296, "time_total": 289.48158526420593}