{"time_per_iteration": 3.5009097933769224, "time_total": 70.01819586753845}