{"time_per_iteration": 2.7739075064659118, "time_total": 55.47815012931824}