{"time_per_iteration": 3.4167486786842347, "time_total": 68.33497357368469}