{"time_per_iteration": 15.989141166210175, "time_total": 319.7828233242035}