{"time_per_iteration": 20.39280645251274, "time_total": 815.7122581005096}