{"time_per_iteration": 3.2966843366622927, "time_total": 65.93368673324585}