{"TP": 25, "FP": 30, "FN": 45, "Precision": 0.45454545454545453, "Recall": 0.35714285714285715}