{"time_per_iteration": 2.7233314514160156, "time_total": 54.46662902832031}