{"time_per_iteration": 2.3780986666679382, "time_total": 47.561973333358765}