{"time_per_iteration": 2.7949451088905333, "time_total": 55.89890217781067}