{"time_per_iteration": 25.085545480251312, "time_total": 1003.4218192100525}