{"time_per_iteration": 16.408869290351866, "time_total": 328.17738580703735}