{"time_per_iteration": 3.1174760103225707, "time_total": 62.349520206451416}