{"time_per_iteration": 11.410220837593078, "time_total": 456.40883350372314}