{"time_per_iteration": 21.86652700304985, "time_total": 874.661080121994}