{"time_per_iteration": 3.2585594415664674, "time_total": 65.17118883132935}