{"time_per_iteration": 2.556219685077667, "time_total": 51.124393701553345}