{"time_per_iteration": 10.810250627994538, "time_total": 216.20501255989075}