{"time_per_iteration": 2.850692701339722, "time_total": 57.013854026794434}