{"time_per_iteration": 2.9145339488983155, "time_total": 58.29067897796631}