{"time_per_iteration": 2.827771174907684, "time_total": 56.55542349815369}