{"time_per_iteration": 9.66804896593094, "time_total": 193.36097931861877}