{"time_per_iteration": 13.585971081256867, "time_total": 271.71942162513733}