{"time_per_iteration": 9.947749805450439, "time_total": 198.9549961090088}