{"time_per_iteration": 18.658712685108185, "time_total": 746.3485074043274}