{"time_per_iteration": 18.969837015867235, "time_total": 758.7934806346893}