{"time_per_iteration": 20.091817116737367, "time_total": 803.6726846694946}