{"time_per_iteration": 12.225868046283722, "time_total": 244.51736092567444}