{"time_per_iteration": 26.444096475839615, "time_total": 1057.7638590335846}