{"time_per_iteration": 24.66490507721901, "time_total": 986.5962030887604}