{"time_per_iteration": 21.24288907647133, "time_total": 849.7155630588531}