{"time_per_iteration": 3.062302827835083, "time_total": 61.24605655670166}