{"time_per_iteration": 19.132372123003005, "time_total": 765.2948849201202}