{"time_per_iteration": 2.4914548993110657, "time_total": 49.82909798622131}