{"time_per_iteration": 16.243643116950988, "time_total": 324.8728623390198}