{"time_per_iteration": 3.2151486754417418, "time_total": 64.30297350883484}