{"time_per_iteration": 3.3284177780151367, "time_total": 66.56835556030273}