{"time_per_iteration": 14.471677136421203, "time_total": 289.4335427284241}