{"time_per_iteration": 3.1915628552436828, "time_total": 63.83125710487366}