{"time_per_iteration": 22.601395118236542, "time_total": 904.0558047294617}