{"time_per_iteration": 2.6742119908332826, "time_total": 53.48423981666565}