{"time_per_iteration": 13.709690630435944, "time_total": 274.1938126087189}