{"time_per_iteration": 34.26426858901978, "time_total": 1370.570743560791}