{"time_per_iteration": 13.808355629444122, "time_total": 276.16711258888245}