{"time_per_iteration": 3.1098873376846314, "time_total": 62.19774675369263}