{"time_per_iteration": 3.460339307785034, "time_total": 69.20678615570068}