{"time_per_iteration": 27.354732185602188, "time_total": 1094.1892874240875}