{"time_per_iteration": 19.210053926706316, "time_total": 768.4021570682526}