{"time_per_iteration": 3.300461709499359, "time_total": 66.00923418998718}