{"time_per_iteration": 3.234852743148804, "time_total": 64.69705486297607}