{"time_per_iteration": 2.946475553512573, "time_total": 58.929511070251465}