{"time_per_iteration": 21.272129434347153, "time_total": 850.8851773738861}