{"time_per_iteration": 3.2134654998779295, "time_total": 64.2693099975586}