{"time_per_iteration": 3.332542192935944, "time_total": 66.65084385871887}