{"time_per_iteration": 2.8379383444786073, "time_total": 56.758766889572144}