{"time_per_iteration": 2.350280463695526, "time_total": 47.00560927391052}