{"time_per_iteration": 2.2318645119667053, "time_total": 44.637290239334106}