{"time_per_iteration": 3.3936547517776487, "time_total": 67.87309503555298}