{"time_per_iteration": 12.714449417591094, "time_total": 254.2889883518219}