{"time_per_iteration": 3.2599576830863954, "time_total": 65.1991536617279}