{"time_per_iteration": 10.987387096881866, "time_total": 439.49548387527466}