{"time_per_iteration": 3.193238317966461, "time_total": 63.864766359329224}