{"time_per_iteration": 8.984484231472015, "time_total": 179.6896846294403}