{"time_per_iteration": 16.218798136711122, "time_total": 324.3759627342224}