{"time_per_iteration": 2.4636441826820374, "time_total": 49.27288365364075}