{"time_per_iteration": 3.316329061985016, "time_total": 66.32658123970032}