{"time_per_iteration": 3.4362141370773314, "time_total": 68.72428274154663}