{"time_per_iteration": 13.612457644939422, "time_total": 272.24915289878845}