{"time_per_iteration": 9.999287939071655, "time_total": 399.9715175628662}