{"time_per_iteration": 15.589885032176971, "time_total": 311.79770064353943}