{"time_per_iteration": 3.1499022126197813, "time_total": 62.99804425239563}