{"time_per_iteration": 30.799210155010222, "time_total": 1231.968406200409}