{"time_per_iteration": 11.677398419380188, "time_total": 233.54796838760376}