{"time_per_iteration": 16.141546428203583, "time_total": 322.83092856407166}