{"time_per_iteration": 3.5064022541046143, "time_total": 70.12804508209229}