{"time_per_iteration": 3.3805842995643616, "time_total": 67.61168599128723}