{"time_per_iteration": 12.84735181927681, "time_total": 513.8940727710724}