{"time_per_iteration": 25.180502432584763, "time_total": 1007.2200973033905}