{"time_per_iteration": 2.2497525095939634, "time_total": 44.99505019187927}