{"time_per_iteration": 36.940476262569426, "time_total": 1477.619050502777}