{"time_per_iteration": 3.420666587352753, "time_total": 68.41333174705505}