{"time_per_iteration": 2.495022916793823, "time_total": 49.900458335876465}