{"time_per_iteration": 2.9312164783477783, "time_total": 58.624329566955566}