{"time_per_iteration": 10.552934002876281, "time_total": 211.05868005752563}