{"time_per_iteration": 3.3837010979652407, "time_total": 67.67402195930481}