{"time_per_iteration": 3.2097615957260133, "time_total": 64.19523191452026}