{"time_per_iteration": 3.32692095041275, "time_total": 66.538419008255}