{"time_per_iteration": 16.059133476018907, "time_total": 642.3653390407562}