{"time_per_iteration": 2.2386539220809936, "time_total": 44.77307844161987}