{"time_per_iteration": 2.9625950932502745, "time_total": 59.25190186500549}