{"time_per_iteration": 21.05691699385643, "time_total": 842.2766797542572}