{"time_per_iteration": 33.98595309853554, "time_total": 1359.4381239414215}