{"time_per_iteration": 23.518449515104294, "time_total": 940.7379806041718}