{"time_per_iteration": 39.40576655268669, "time_total": 1576.2306621074677}