{"time_per_iteration": 13.621441549062729, "time_total": 544.8576619625092}