{"time_per_iteration": 2.8533201932907106, "time_total": 57.06640386581421}