{"time_per_iteration": 9.469862484931946, "time_total": 189.39724969863892}