{"time_per_iteration": 3.2078332185745237, "time_total": 64.15666437149048}