{"time_per_iteration": 3.497482788562775, "time_total": 69.9496557712555}