{"time_per_iteration": 17.41548238992691, "time_total": 348.3096477985382}