{"time_per_iteration": 14.089422953128814, "time_total": 281.7884590625763}