{"time_per_iteration": 24.216132831573486, "time_total": 968.6453132629395}