{"time_per_iteration": 20.25171958208084, "time_total": 810.0687832832336}