{"time_per_iteration": 3.333340919017792, "time_total": 66.66681838035583}