{"time_per_iteration": 3.092127251625061, "time_total": 61.84254503250122}