{"time_per_iteration": 32.16679454445839, "time_total": 1286.6717817783356}