{"time_per_iteration": 3.2472718834877012, "time_total": 64.94543766975403}