{"time_per_iteration": 3.0609387516975404, "time_total": 61.218775033950806}