{"time_per_iteration": 2.4806285858154298, "time_total": 49.612571716308594}