{"time_per_iteration": 2.998048460483551, "time_total": 59.96096920967102}