{"time_per_iteration": 3.466473162174225, "time_total": 69.3294632434845}