{"time_per_iteration": 2.9922193050384522, "time_total": 59.84438610076904}