{"time_per_iteration": 14.679701805114746, "time_total": 293.5940361022949}