{"time_per_iteration": 3.2175530672073362, "time_total": 64.35106134414673}