{"time_per_iteration": 3.189583790302277, "time_total": 63.79167580604553}