{"time_per_iteration": 25.26177938580513, "time_total": 1010.4711754322052}