{"time_per_iteration": 2.7534852981567384, "time_total": 55.069705963134766}