{"time_per_iteration": 25.490587842464446, "time_total": 1019.6235136985779}