{"time_per_iteration": 2.823637843132019, "time_total": 56.47275686264038}