{"time_per_iteration": 15.066495311260223, "time_total": 301.32990622520447}