{"time_per_iteration": 3.242604374885559, "time_total": 64.85208749771118}