{"time_per_iteration": 16.168028807640077, "time_total": 323.3605761528015}