{"time_per_iteration": 15.195864915847778, "time_total": 303.91729831695557}