{"time_per_iteration": 3.638120377063751, "time_total": 72.76240754127502}