{"time_per_iteration": 2.5699006795883177, "time_total": 51.39801359176636}