{"time_per_iteration": 3.4838770031929016, "time_total": 69.67754006385803}