{"time_per_iteration": 3.247068691253662, "time_total": 64.94137382507324}