{"time_per_iteration": 2.3809182405471803, "time_total": 47.6183648109436}