{"time_per_iteration": 22.730439907312395, "time_total": 909.2175962924957}