{"time_per_iteration": 18.242904078960418, "time_total": 364.8580815792084}