{"time_per_iteration": 3.221017396450043, "time_total": 64.42034792900085}