{"time_per_iteration": 3.004909002780914, "time_total": 60.098180055618286}