{"time_per_iteration": 2.663161373138428, "time_total": 53.263227462768555}