{"time_per_iteration": 3.0681862592697144, "time_total": 61.36372518539429}