{"time_per_iteration": 3.426891601085663, "time_total": 68.53783202171326}