{"TP": 2, "FP": 4, "FN": 68, "Precision": 0.3333333333333333, "Recall": 0.02857142857142857}