{"time_per_iteration": 2.5973985314369203, "time_total": 51.9479706287384}