{"time_per_iteration": 3.0973540782928466, "time_total": 61.947081565856934}