{"time_per_iteration": 15.50676417350769, "time_total": 310.1352834701538}