{"time_per_iteration": 2.7782601356506347, "time_total": 55.565202713012695}