{"time_per_iteration": 3.3901867508888244, "time_total": 67.80373501777649}