{"time_per_iteration": 10.10054428577423, "time_total": 404.02177143096924}