{"TP": 6, "FP": 15, "FN": 64, "Precision": 0.2857142857142857, "Recall": 0.08571428571428572}