{"time_per_iteration": 16.913993382453917, "time_total": 676.5597352981567}