{"time_per_iteration": 18.641976076364518, "time_total": 745.6790430545807}