{"time_per_iteration": 21.507312482595445, "time_total": 860.2924993038177}