{"time_per_iteration": 22.80479422211647, "time_total": 912.1917688846588}