{"time_per_iteration": 3.488667845726013, "time_total": 69.77335691452026}