{"time_per_iteration": 17.681879740953445, "time_total": 707.2751896381378}