{"time_per_iteration": 3.460580122470856, "time_total": 69.21160244941711}