{"time_per_iteration": 3.341839861869812, "time_total": 66.83679723739624}