{"time_per_iteration": 16.164486622810365, "time_total": 323.2897324562073}