{"time_per_iteration": 17.706278562545776, "time_total": 354.1255712509155}