{"time_per_iteration": 20.37614357471466, "time_total": 815.0457429885864}