{"time_per_iteration": 10.010876947641373, "time_total": 400.4350779056549}