{"time_per_iteration": 3.1059133887290953, "time_total": 62.11826777458191}