{"time_per_iteration": 3.0184412717819216, "time_total": 60.36882543563843}