{"time_per_iteration": 18.570831364393236, "time_total": 742.8332545757294}