{"TP": 10, "FP": 13, "FN": 60, "Precision": 0.43478260869565216, "Recall": 0.14285714285714285}