{"time_per_iteration": 15.245551884174347, "time_total": 609.8220753669739}