{"time_per_iteration": 3.1877265572547913, "time_total": 63.754531145095825}