{"time_per_iteration": 18.269609248638154, "time_total": 365.39218497276306}