{"time_per_iteration": 21.504763013124467, "time_total": 860.1905205249786}