{"time_per_iteration": 21.163073021173478, "time_total": 846.5229208469391}