{"time_per_iteration": 3.2948429942131043, "time_total": 65.89685988426208}