{"time_per_iteration": 2.1853207468986513, "time_total": 43.70641493797302}