{"time_per_iteration": 9.925319850444794, "time_total": 198.50639700889587}