{"time_per_iteration": 3.084052336215973, "time_total": 61.68104672431946}