{"time_per_iteration": 2.5850461959838866, "time_total": 51.700923919677734}