{"time_per_iteration": 2.5200717091560363, "time_total": 50.40143418312073}