{"time_per_iteration": 16.551812303066253, "time_total": 331.0362460613251}