{"time_per_iteration": 3.206014108657837, "time_total": 64.12028217315674}