{"time_per_iteration": 19.36584746837616, "time_total": 774.6338987350464}