{"time_per_iteration": 3.1025381088256836, "time_total": 62.05076217651367}