{"time_per_iteration": 3.6946760416030884, "time_total": 73.89352083206177}