{"time_per_iteration": 3.2202667236328124, "time_total": 64.40533447265625}