{"time_per_iteration": 39.272193741798404, "time_total": 1570.887749671936}