{"time_per_iteration": 16.862846410274507, "time_total": 337.2569282054901}