{"time_per_iteration": 12.98913654088974, "time_total": 259.7827308177948}