{"time_per_iteration": 3.24812136888504, "time_total": 64.9624273777008}