{"time_per_iteration": 3.2549572825431823, "time_total": 65.09914565086365}