{"time_per_iteration": 2.3110537767410277, "time_total": 46.22107553482056}