{"time_per_iteration": 19.017658913135527, "time_total": 760.7063565254211}