{"time_per_iteration": 2.634748947620392, "time_total": 52.69497895240784}