{"time_per_iteration": 12.489980858564376, "time_total": 499.5992343425751}