{"time_per_iteration": 3.289590895175934, "time_total": 65.79181790351868}