{"time_per_iteration": 3.396184301376343, "time_total": 67.92368602752686}