{"time_per_iteration": 2.9782878518104554, "time_total": 59.565757036209106}