{"time_per_iteration": 3.0074992537498475, "time_total": 60.14998507499695}