{"time_per_iteration": 3.5342713952064515, "time_total": 70.68542790412903}