{"time_per_iteration": 39.69563999772072, "time_total": 1587.8255999088287}