{"time_per_iteration": 11.307812345027923, "time_total": 226.15624690055847}