{"time_per_iteration": 2.635521113872528, "time_total": 52.71042227745056}