{"time_per_iteration": 16.145405340194703, "time_total": 322.90810680389404}