{"time_per_iteration": 35.37138592004776, "time_total": 1414.8554368019104}