{"time_per_iteration": 9.963956570625305, "time_total": 199.2791314125061}