{"time_per_iteration": 2.6651236176490785, "time_total": 53.30247235298157}