{"time_per_iteration": 17.37456742525101, "time_total": 347.49134850502014}