{"time_per_iteration": 23.998046547174454, "time_total": 959.9218618869781}