{"time_per_iteration": 10.20822519659996, "time_total": 408.3290078639984}