{"time_per_iteration": 3.018103039264679, "time_total": 60.36206078529358}