{"time_per_iteration": 25.072319042682647, "time_total": 1002.8927617073059}