{"time_per_iteration": 3.508456599712372, "time_total": 70.16913199424744}