{"time_per_iteration": 15.057607913017273, "time_total": 301.15215826034546}