{"time_per_iteration": 14.645755743980407, "time_total": 292.91511487960815}