{"time_per_iteration": 32.503586935997006, "time_total": 1300.1434774398804}