{"time_per_iteration": 15.975082409381866, "time_total": 319.50164818763733}