{"time_per_iteration": 21.607823151350022, "time_total": 864.3129260540009}