{"time_per_iteration": 8.27047905921936, "time_total": 330.8191623687744}