{"time_per_iteration": 3.241026294231415, "time_total": 64.8205258846283}