{"time_per_iteration": 3.2753405809402465, "time_total": 65.50681161880493}