{"time_per_iteration": 2.904282808303833, "time_total": 58.08565616607666}