{"time_per_iteration": 3.5374672532081606, "time_total": 70.74934506416321}