{"time_per_iteration": 17.3421981215477, "time_total": 346.843962430954}