{"time_per_iteration": 19.00925984978676, "time_total": 760.3703939914703}