{"time_per_iteration": 3.010379135608673, "time_total": 60.20758271217346}