{"time_per_iteration": 15.40854919552803, "time_total": 616.3419678211212}