{"time_per_iteration": 24.609863924980164, "time_total": 984.3945569992065}