{"time_per_iteration": 2.3752413749694825, "time_total": 47.50482749938965}