{"time_per_iteration": 3.040930438041687, "time_total": 60.81860876083374}