{"time_per_iteration": 2.8927280783653258, "time_total": 57.85456156730652}