{"time_per_iteration": 17.634509956836702, "time_total": 705.380398273468}