{"time_per_iteration": 3.455228364467621, "time_total": 69.10456728935242}