{"time_per_iteration": 9.241331070661545, "time_total": 369.6532428264618}