{"time_per_iteration": 3.3017055988311768, "time_total": 66.03411197662354}