{"time_per_iteration": 3.167038547992706, "time_total": 63.340770959854126}