{"time_per_iteration": 18.284152215719224, "time_total": 731.3660886287689}