{"time_per_iteration": 36.97833878397942, "time_total": 1479.1335513591766}