{"time_per_iteration": 27.467728346586227, "time_total": 1098.709133863449}