{"time_per_iteration": 3.3882195472717287, "time_total": 67.76439094543457}