{"time_per_iteration": 14.004146087169648, "time_total": 560.1658434867859}