{"time_per_iteration": 3.080451726913452, "time_total": 61.60903453826904}