{"time_per_iteration": 2.50453382730484, "time_total": 50.0906765460968}