{"time_per_iteration": 17.348588132858275, "time_total": 346.9717626571655}