{"time_per_iteration": 20.54875741004944, "time_total": 821.9502964019775}