{"time_per_iteration": 3.0972509145736695, "time_total": 61.94501829147339}