{"time_per_iteration": 3.5381338596343994, "time_total": 70.76267719268799}