{"time_per_iteration": 3.4301440596580504, "time_total": 68.60288119316101}