{"time_per_iteration": 22.93760789632797, "time_total": 917.5043158531189}