{"time_per_iteration": 14.484449648857117, "time_total": 289.68899297714233}