{"time_per_iteration": 12.603171062469482, "time_total": 504.1268424987793}