{"time_per_iteration": 3.057599925994873, "time_total": 61.15199851989746}