{"time_per_iteration": 17.457022881507875, "time_total": 698.2809152603149}