{"time_per_iteration": 3.2258686661720275, "time_total": 64.51737332344055}