{"time_per_iteration": 16.018482506275177, "time_total": 320.36965012550354}