{"time_per_iteration": 2.4040263891220093, "time_total": 48.080527782440186}