{"time_per_iteration": 26.071322697401047, "time_total": 1042.8529078960419}