{"time_per_iteration": 2.0924992322921754, "time_total": 41.849984645843506}