{"time_per_iteration": 2.1938671231269837, "time_total": 43.87734246253967}