{"time_per_iteration": 25.576404494047164, "time_total": 1023.0561797618866}