{"time_per_iteration": 10.708489322662354, "time_total": 214.16978645324707}