{"time_per_iteration": 10.550943183898926, "time_total": 211.01886367797852}