{"time_per_iteration": 16.660115194320678, "time_total": 333.2023038864136}