{"time_per_iteration": 14.914625060558318, "time_total": 298.2925012111664}