{"time_per_iteration": 9.51284065246582, "time_total": 380.5136260986328}