{"time_per_iteration": 3.068332815170288, "time_total": 61.36665630340576}