{"time_per_iteration": 14.734064829349517, "time_total": 589.3625931739807}