{"time_per_iteration": 3.2296330094337464, "time_total": 64.59266018867493}