{"time_per_iteration": 3.328482985496521, "time_total": 66.56965970993042}