{"time_per_iteration": 26.637127554416658, "time_total": 1065.4851021766663}