{"time_per_iteration": 13.816392457485199, "time_total": 276.327849149704}