{"time_per_iteration": 3.159528434276581, "time_total": 63.190568685531616}