{"time_per_iteration": 3.503614592552185, "time_total": 70.0722918510437}