{"time_per_iteration": 3.102741765975952, "time_total": 62.05483531951904}