{"time_per_iteration": 3.3606082916259767, "time_total": 67.21216583251953}