{"time_per_iteration": 2.7105660796165467, "time_total": 54.21132159233093}