{"time_per_iteration": 3.355208122730255, "time_total": 67.1041624546051}