{"time_per_iteration": 2.4050538539886475, "time_total": 48.10107707977295}