{"time_per_iteration": 2.8741220116615294, "time_total": 57.48244023323059}