{"time_per_iteration": 10.849492585659027, "time_total": 216.98985171318054}