{"time_per_iteration": 3.0337804913520814, "time_total": 60.675609827041626}