{"time_per_iteration": 3.073194515705109, "time_total": 61.46389031410217}