{"time_per_iteration": 14.746904718875886, "time_total": 294.9380943775177}