{"time_per_iteration": 13.892853653430938, "time_total": 277.8570730686188}