{"time_per_iteration": 3.1363701105117796, "time_total": 62.727402210235596}