{"time_per_iteration": 20.52302067875862, "time_total": 820.9208271503448}