{"time_per_iteration": 3.432127356529236, "time_total": 68.64254713058472}