{"time_per_iteration": 3.2911235213279726, "time_total": 65.82247042655945}