{"time_per_iteration": 19.476204645633697, "time_total": 779.0481858253479}