{"time_per_iteration": 3.3080339431762695, "time_total": 66.16067886352539}