{"TP": 14, "FP": 70, "FN": 16, "Precision": 0.16666666666666666, "Recall": 0.4666666666666667}