{"time_per_iteration": 8.356543815135955, "time_total": 334.26175260543823}