{"time_per_iteration": 14.531706357002259, "time_total": 290.63412714004517}