{"time_per_iteration": 3.3014045476913454, "time_total": 66.0280909538269}