{"time_per_iteration": 3.0694320797920227, "time_total": 61.388641595840454}