{"time_per_iteration": 3.2176822304725645, "time_total": 64.3536446094513}