{"time_per_iteration": 2.2490166664123534, "time_total": 44.98033332824707}