{"time_per_iteration": 16.47758870124817, "time_total": 329.5517740249634}