{"time_per_iteration": 3.5746696472167967, "time_total": 71.49339294433594}