{"time_per_iteration": 3.271043586730957, "time_total": 65.42087173461914}