{"time_per_iteration": 16.871877777576447, "time_total": 337.43755555152893}