{"time_per_iteration": 16.68998111486435, "time_total": 333.799622297287}