{"time_per_iteration": 15.49638453722, "time_total": 309.9276907444}