{"time_per_iteration": 11.605309200286865, "time_total": 232.1061840057373}