{"time_per_iteration": 3.1714972138404844, "time_total": 63.42994427680969}