{"time_per_iteration": 17.36146913766861, "time_total": 347.2293827533722}