{"time_per_iteration": 16.969279885292053, "time_total": 339.38559770584106}