{"time_per_iteration": 2.807059907913208, "time_total": 56.14119815826416}