{"time_per_iteration": 28.168088531494142, "time_total": 1126.7235412597656}