{"time_per_iteration": 18.553969705104826, "time_total": 742.1587882041931}