{"time_per_iteration": 10.272219514846801, "time_total": 205.44439029693604}