{"time_per_iteration": 3.3863782048225404, "time_total": 67.7275640964508}