{"time_per_iteration": 3.161943280696869, "time_total": 63.23886561393738}