{"time_per_iteration": 14.34126524925232, "time_total": 286.8253049850464}