{"time_per_iteration": 2.6012075543403625, "time_total": 52.02415108680725}