{"time_per_iteration": 18.424324321746827, "time_total": 736.972972869873}