{"time_per_iteration": 9.82244507074356, "time_total": 196.44890141487122}