{"time_per_iteration": 3.0856524467468263, "time_total": 61.71304893493652}