{"time_per_iteration": 28.453522300720216, "time_total": 1138.1408920288086}