{"time_per_iteration": 14.423230719566345, "time_total": 288.4646143913269}