{"time_per_iteration": 2.8055047273635862, "time_total": 56.11009454727173}