{"time_per_iteration": 35.302499395608905, "time_total": 1412.099975824356}