{"time_per_iteration": 3.112300443649292, "time_total": 62.24600887298584}