{"time_per_iteration": 3.1582249999046326, "time_total": 63.16449999809265}