{"time_per_iteration": 20.397536313533784, "time_total": 815.9014525413513}