{"time_per_iteration": 9.966466128826141, "time_total": 199.32932257652283}