{"time_per_iteration": 3.2991005897521974, "time_total": 65.98201179504395}