{"time_per_iteration": 26.61200578212738, "time_total": 1064.4802312850952}