{"time_per_iteration": 15.97287359237671, "time_total": 319.4574718475342}