{"time_per_iteration": 3.4836710810661318, "time_total": 69.67342162132263}