{"time_per_iteration": 19.31257477402687, "time_total": 772.5029909610748}