{"time_per_iteration": 2.9938690423965455, "time_total": 59.87738084793091}