{"time_per_iteration": 3.464612603187561, "time_total": 69.29225206375122}