{"time_per_iteration": 2.573101079463959, "time_total": 51.462021589279175}