{"time_per_iteration": 6.6711587607860565, "time_total": 266.84635043144226}