{"time_per_iteration": 3.2369046807289124, "time_total": 64.73809361457825}