{"time_per_iteration": 18.81222060918808, "time_total": 752.4888243675232}