{"time_per_iteration": 17.57665388584137, "time_total": 351.5330777168274}