{"time_per_iteration": 3.154710793495178, "time_total": 63.094215869903564}