{"time_per_iteration": 3.2672255277633666, "time_total": 65.34451055526733}