{"time_per_iteration": 29.14113159775734, "time_total": 1165.6452639102936}