{"time_per_iteration": 3.2587320446968078, "time_total": 65.17464089393616}