{"time_per_iteration": 3.085276794433594, "time_total": 61.705535888671875}