{"time_per_iteration": 13.698886758089065, "time_total": 547.9554703235626}