{"time_per_iteration": 3.0393272638320923, "time_total": 60.786545276641846}