{"time_per_iteration": 9.437063372135162, "time_total": 188.74126744270325}