{"time_per_iteration": 22.839842712879182, "time_total": 913.5937085151672}