{"time_per_iteration": 26.512960201501848, "time_total": 1060.5184080600739}