{"TP": 1, "FP": 2, "FN": 6, "Precision": 0.3333333333333333, "Recall": 0.14285714285714285}