{"time_per_iteration": 3.301999604701996, "time_total": 66.03999209403992}