{"time_per_iteration": 3.56046062707901, "time_total": 71.2092125415802}