{"time_per_iteration": 39.61783102750778, "time_total": 1584.7132411003113}