{"time_per_iteration": 13.65143895149231, "time_total": 273.0287790298462}