{"time_per_iteration": 16.54419490098953, "time_total": 330.88389801979065}