{"time_per_iteration": 3.285213279724121, "time_total": 65.70426559448242}