{"time_per_iteration": 2.8458771824836733, "time_total": 56.91754364967346}