{"time_per_iteration": 3.1943411946296694, "time_total": 63.886823892593384}