{"TP": 16, "FP": 30, "FN": 54, "Precision": 0.34782608695652173, "Recall": 0.22857142857142856}