{"time_per_iteration": 2.530533218383789, "time_total": 50.61066436767578}