{"time_per_iteration": 2.9838497161865236, "time_total": 59.67699432373047}