{"time_per_iteration": 14.630031335353852, "time_total": 292.600626707077}