{"time_per_iteration": 24.82359097599983, "time_total": 992.9436390399933}