{"time_per_iteration": 3.204696607589722, "time_total": 64.09393215179443}