{"time_per_iteration": 3.4544926285743713, "time_total": 69.08985257148743}