{"time_per_iteration": 2.509359097480774, "time_total": 50.18718194961548}