{"time_per_iteration": 11.211656558513642, "time_total": 224.23313117027283}