{"time_per_iteration": 2.7236536026000975, "time_total": 54.47307205200195}