{"time_per_iteration": 11.727432107925415, "time_total": 234.5486421585083}