{"time_per_iteration": 15.851418566703796, "time_total": 317.0283713340759}