{"time_per_iteration": 28.508280622959138, "time_total": 1140.3312249183655}