{"time_per_iteration": 3.182372272014618, "time_total": 63.64744544029236}