{"time_per_iteration": 3.22984983921051, "time_total": 64.5969967842102}