{"time_per_iteration": 13.658277332782745, "time_total": 273.1655466556549}