{"time_per_iteration": 15.916239380836487, "time_total": 318.32478761672974}