{"time_per_iteration": 3.1690184593200685, "time_total": 63.38036918640137}