{"time_per_iteration": 18.351087117195128, "time_total": 367.0217423439026}