{"time_per_iteration": 16.073366618156435, "time_total": 321.46733236312866}