{"time_per_iteration": 2.7946714520454408, "time_total": 55.89342904090881}