{"time_per_iteration": 18.353720086812974, "time_total": 734.1488034725189}