{"time_per_iteration": 10.48643318414688, "time_total": 209.72866368293762}