{"time_per_iteration": 23.90469539165497, "time_total": 956.1878156661987}