{"time_per_iteration": 14.292780447006226, "time_total": 285.8556089401245}