{"time_per_iteration": 12.54694077372551, "time_total": 501.8776309490204}