{"time_per_iteration": 3.0938464403152466, "time_total": 61.87692880630493}