{"time_per_iteration": 3.5300172090530397, "time_total": 70.60034418106079}