{"TP": 12, "FP": 30, "FN": 58, "Precision": 0.2857142857142857, "Recall": 0.17142857142857143}