{"time_per_iteration": 2.360573744773865, "time_total": 47.211474895477295}