{"time_per_iteration": 3.0274696350097656, "time_total": 60.54939270019531}