{"time_per_iteration": 2.6146913170814514, "time_total": 52.29382634162903}