{"time_per_iteration": 10.115907955169678, "time_total": 202.31815910339355}