{"time_per_iteration": 35.05735768079758, "time_total": 1402.294307231903}