{"time_per_iteration": 2.8038918137550355, "time_total": 56.07783627510071}