{"TP": 25, "FP": 11, "FN": 5, "Precision": 0.6944444444444444, "Recall": 0.8333333333333334}