{"time_per_iteration": 3.0819947600364683, "time_total": 61.63989520072937}