{"time_per_iteration": 10.547706353664399, "time_total": 210.95412707328796}