{"time_per_iteration": 2.4263981223106383, "time_total": 48.52796244621277}