{"time_per_iteration": 12.082819616794586, "time_total": 241.65639233589172}