{"time_per_iteration": 3.1683983325958254, "time_total": 63.367966651916504}