{"time_per_iteration": 14.116919600963593, "time_total": 282.33839201927185}