{"time_per_iteration": 24.67167380452156, "time_total": 986.8669521808624}