{"time_per_iteration": 3.268532407283783, "time_total": 65.37064814567566}