{"time_per_iteration": 9.717778480052948, "time_total": 194.35556960105896}