{"time_per_iteration": 24.031080418825148, "time_total": 961.243216753006}