{"time_per_iteration": 3.2126245975494383, "time_total": 64.25249195098877}