{"time_per_iteration": 9.356995642185211, "time_total": 374.27982568740845}