{"time_per_iteration": 3.4078099727630615, "time_total": 68.15619945526123}