{"time_per_iteration": 3.2426374197006225, "time_total": 64.85274839401245}