{"time_per_iteration": 3.07333025932312, "time_total": 61.4666051864624}