{"time_per_iteration": 3.381335723400116, "time_total": 67.62671446800232}