{"time_per_iteration": 12.25256381034851, "time_total": 245.05127620697021}