{"time_per_iteration": 30.734128892421722, "time_total": 1229.365155696869}