{"time_per_iteration": 2.970629107952118, "time_total": 59.41258215904236}