{"time_per_iteration": 3.1019225239753725, "time_total": 62.038450479507446}