{"time_per_iteration": 2.80987229347229, "time_total": 56.1974458694458}