{"time_per_iteration": 18.027272123098374, "time_total": 721.0908849239349}