{"time_per_iteration": 3.0343618512153627, "time_total": 60.68723702430725}