{"time_per_iteration": 20.690076023340225, "time_total": 827.603040933609}