{"time_per_iteration": 19.17898389697075, "time_total": 767.15935587883}