{"time_per_iteration": 2.9700183510780334, "time_total": 59.40036702156067}