{"time_per_iteration": 3.197239673137665, "time_total": 63.944793462753296}