{"time_per_iteration": 1.9240265846252442, "time_total": 38.48053169250488}