{"time_per_iteration": 13.823340725898742, "time_total": 276.46681451797485}