{"time_per_iteration": 2.9512492060661315, "time_total": 59.02498412132263}