{"time_per_iteration": 8.52001519203186, "time_total": 170.4003038406372}