{"time_per_iteration": 15.203266435861588, "time_total": 608.1306574344635}