{"time_per_iteration": 3.214450418949127, "time_total": 64.28900837898254}