{"time_per_iteration": 3.3488831400871275, "time_total": 66.97766280174255}