{"time_per_iteration": 16.160197246074677, "time_total": 323.20394492149353}