{"time_per_iteration": 23.76821687221527, "time_total": 950.7286748886108}