{"time_per_iteration": 13.561326372623444, "time_total": 542.4530549049377}