{"time_per_iteration": 2.8257845997810365, "time_total": 56.51569199562073}