{"time_per_iteration": 17.294824182987213, "time_total": 345.89648365974426}