{"time_per_iteration": 3.137026333808899, "time_total": 62.74052667617798}