{"time_per_iteration": 3.4469847679138184, "time_total": 68.93969535827637}