{"time_per_iteration": 22.001800310611724, "time_total": 880.072012424469}