{"time_per_iteration": 2.3449471473693846, "time_total": 46.898942947387695}