{"time_per_iteration": 19.832258236408233, "time_total": 793.2903294563293}