{"time_per_iteration": 14.383763039112091, "time_total": 287.6752607822418}