{"time_per_iteration": 10.188216680288315, "time_total": 407.5286672115326}