{"time_per_iteration": 3.3252009630203245, "time_total": 66.5040192604065}