{"time_per_iteration": 2.3957280278205872, "time_total": 47.91456055641174}