{"time_per_iteration": 3.1506282687187195, "time_total": 63.01256537437439}