{"time_per_iteration": 15.48570659160614, "time_total": 309.7141318321228}