{"time_per_iteration": 3.325950729846954, "time_total": 66.51901459693909}