{"TP": 11, "FP": 30, "FN": 59, "Precision": 0.2682926829268293, "Recall": 0.15714285714285714}