{"time_per_iteration": 2.3936783194541933, "time_total": 47.87356638908386}