{"time_per_iteration": 24.575152188539505, "time_total": 983.0060875415802}