{"time_per_iteration": 14.623671877384187, "time_total": 292.4734375476837}