{"time_per_iteration": 3.0327510833740234, "time_total": 60.65502166748047}