{"time_per_iteration": 15.976582968235016, "time_total": 319.5316593647003}