{"time_per_iteration": 2.064426672458649, "time_total": 41.288533449172974}