{"time_per_iteration": 16.23748912811279, "time_total": 324.74978256225586}