{"time_per_iteration": 3.0687825322151183, "time_total": 61.37565064430237}