{"time_per_iteration": 3.235409879684448, "time_total": 64.70819759368896}