{"time_per_iteration": 2.8879654169082642, "time_total": 57.75930833816528}