{"time_per_iteration": 16.99312142133713, "time_total": 339.86242842674255}