{"time_per_iteration": 19.769011151790618, "time_total": 790.7604460716248}