{"time_per_iteration": 16.338898837566376, "time_total": 326.7779767513275}