{"time_per_iteration": 16.165706300735472, "time_total": 323.3141260147095}