{"time_per_iteration": 11.060822105407714, "time_total": 442.4328842163086}