{"time_per_iteration": 12.888580250740052, "time_total": 257.771605014801}