{"time_per_iteration": 3.0055997371673584, "time_total": 60.11199474334717}