{"time_per_iteration": 10.879392498731614, "time_total": 435.1756999492645}