{"time_per_iteration": 13.592524909973145, "time_total": 271.8504981994629}