{"time_per_iteration": 28.661219352483748, "time_total": 1146.44877409935}