{"time_per_iteration": 22.616742694377898, "time_total": 904.669707775116}