{"time_per_iteration": 3.3767870903015136, "time_total": 67.53574180603027}