{"time_per_iteration": 2.9531018853187563, "time_total": 59.06203770637512}