{"time_per_iteration": 2.6155243039131166, "time_total": 52.31048607826233}