{"time_per_iteration": 21.91647462248802, "time_total": 876.6589848995209}