{"time_per_iteration": 26.151093935966493, "time_total": 1046.0437574386597}