{"time_per_iteration": 3.4776754140853883, "time_total": 69.55350828170776}