{"time_per_iteration": 3.1363857984542847, "time_total": 62.72771596908569}