{"time_per_iteration": 3.235597515106201, "time_total": 64.71195030212402}