{"time_per_iteration": 16.347463023662566, "time_total": 326.94926047325134}