{"time_per_iteration": 3.0310216546058655, "time_total": 60.62043309211731}