{"time_per_iteration": 11.81350622177124, "time_total": 236.2701244354248}