{"time_per_iteration": 14.616230881214141, "time_total": 292.32461762428284}