{"time_per_iteration": 3.125240683555603, "time_total": 62.50481367111206}