{"time_per_iteration": 17.493265187740327, "time_total": 349.8653037548065}