{"time_per_iteration": 2.3250155329704283, "time_total": 46.50031065940857}