{"time_per_iteration": 2.8499207139015197, "time_total": 56.998414278030396}