{"time_per_iteration": 20.89965448975563, "time_total": 835.9861795902252}