{"time_per_iteration": 39.24908246397972, "time_total": 1569.9632985591888}