{"time_per_iteration": 10.596846652030944, "time_total": 211.9369330406189}