{"time_per_iteration": 18.47017698287964, "time_total": 738.8070793151855}