{"time_per_iteration": 3.14602906703949, "time_total": 62.920581340789795}