{"time_per_iteration": 3.2355748295783995, "time_total": 64.711496591568}