{"time_per_iteration": 17.240568685531617, "time_total": 344.8113737106323}