{"time_per_iteration": 3.2286596059799195, "time_total": 64.57319211959839}