{"time_per_iteration": 2.5401936411857604, "time_total": 50.80387282371521}