{"TP": 15, "FP": 30, "FN": 55, "Precision": 0.3333333333333333, "Recall": 0.21428571428571427}