{"time_per_iteration": 2.466567599773407, "time_total": 49.33135199546814}