{"time_per_iteration": 10.56558824777603, "time_total": 211.31176495552063}