{"time_per_iteration": 3.331984508037567, "time_total": 66.63969016075134}