{"time_per_iteration": 3.091641354560852, "time_total": 61.83282709121704}