{"time_per_iteration": 16.125798189640044, "time_total": 322.5159637928009}