{"time_per_iteration": 6.336613178253174, "time_total": 126.73226356506348}