{"time_per_iteration": 3.054570996761322, "time_total": 61.09141993522644}