{"time_per_iteration": 20.29359660744667, "time_total": 811.7438642978668}