{"time_per_iteration": 3.322182822227478, "time_total": 66.44365644454956}