{"time_per_iteration": 2.8429401397705076, "time_total": 56.858802795410156}