{"time_per_iteration": 15.030235052108765, "time_total": 300.6047010421753}