{"time_per_iteration": 3.2184966683387755, "time_total": 64.36993336677551}