{"time_per_iteration": 16.48337579369545, "time_total": 659.335031747818}