{"time_per_iteration": 3.194909060001373, "time_total": 63.898181200027466}