{"time_per_iteration": 3.2717342615127563, "time_total": 65.43468523025513}