{"time_per_iteration": 3.1548479914665224, "time_total": 63.096959829330444}