{"time_per_iteration": 15.341252303123474, "time_total": 306.8250460624695}