{"time_per_iteration": 3.1116090655326842, "time_total": 62.23218131065369}