{"time_per_iteration": 18.514089268445968, "time_total": 740.5635707378387}