{"time_per_iteration": 13.687014424800873, "time_total": 273.74028849601746}