{"time_per_iteration": 39.544201457500456, "time_total": 1581.7680583000183}