{"time_per_iteration": 3.255895733833313, "time_total": 65.11791467666626}