{"time_per_iteration": 3.010684239864349, "time_total": 60.21368479728699}