{"time_per_iteration": 6.187283992767334, "time_total": 123.74567985534668}