{"time_per_iteration": 2.237798249721527, "time_total": 44.75596499443054}