{"TP": 2, "FP": 1, "FN": 1, "Precision": 0.6666666666666666, "Recall": 0.6666666666666666}