{"time_per_iteration": 3.2907794237136843, "time_total": 65.81558847427368}