{"time_per_iteration": 3.349017596244812, "time_total": 66.98035192489624}