{"time_per_iteration": 18.2220399916172, "time_total": 728.8815996646881}