{"time_per_iteration": 3.1303675770759583, "time_total": 62.607351541519165}