{"TP": 17, "FP": 30, "FN": 53, "Precision": 0.3617021276595745, "Recall": 0.24285714285714285}