{"time_per_iteration": 2.3738551259040834, "time_total": 47.477102518081665}