{"time_per_iteration": 3.209325742721558, "time_total": 64.18651485443115}