{"time_per_iteration": 19.054046869277954, "time_total": 762.1618747711182}