{"time_per_iteration": 3.279158651828766, "time_total": 65.58317303657532}