{"time_per_iteration": 2.067451798915863, "time_total": 41.34903597831726}