{"time_per_iteration": 21.193757528066634, "time_total": 847.7503011226654}