{"time_per_iteration": 22.77666229605675, "time_total": 911.0664918422699}