{"time_per_iteration": 3.1659672975540163, "time_total": 63.31934595108032}