{"time_per_iteration": 3.2385443568229677, "time_total": 64.77088713645935}