{"time_per_iteration": 21.287165862321853, "time_total": 851.4866344928741}