{"time_per_iteration": 19.820545142889024, "time_total": 792.8218057155609}