{"time_per_iteration": 12.240072929859162, "time_total": 244.80145859718323}