{"time_per_iteration": 10.163670992851257, "time_total": 406.5468397140503}