{"time_per_iteration": 2.407837748527527, "time_total": 48.15675497055054}