{"time_per_iteration": 3.177485167980194, "time_total": 63.54970335960388}