{"time_per_iteration": 2.8725735187530517, "time_total": 57.451470375061035}