{"time_per_iteration": 3.2225316524505616, "time_total": 64.45063304901123}