{"time_per_iteration": 17.39287574291229, "time_total": 347.85751485824585}