{"time_per_iteration": 3.07855544090271, "time_total": 61.5711088180542}