{"time_per_iteration": 2.415539503097534, "time_total": 48.310790061950684}