{"time_per_iteration": 8.786694175004959, "time_total": 351.46776700019836}