{"time_per_iteration": 30.69092077612877, "time_total": 1227.6368310451508}