{"time_per_iteration": 2.373401165008545, "time_total": 47.4680233001709}