{"time_per_iteration": 2.0804025173187255, "time_total": 41.60805034637451}