{"time_per_iteration": 20.625230073928833, "time_total": 825.0092029571533}