{"time_per_iteration": 3.091138744354248, "time_total": 61.82277488708496}