{"time_per_iteration": 2.9617863416671755, "time_total": 59.235726833343506}