{"time_per_iteration": 16.7990052819252, "time_total": 335.980105638504}