{"time_per_iteration": 18.429639410972595, "time_total": 737.1855764389038}