{"time_per_iteration": 3.315799081325531, "time_total": 66.31598162651062}