{"time_per_iteration": 3.4074727177619932, "time_total": 68.14945435523987}