{"time_per_iteration": 2.8025502920150758, "time_total": 56.051005840301514}