{"time_per_iteration": 6.072767448425293, "time_total": 121.45534896850586}