{"time_per_iteration": 3.254896605014801, "time_total": 65.09793210029602}