{"time_per_iteration": 21.966465771198273, "time_total": 878.6586308479309}