{"time_per_iteration": 3.288810741901398, "time_total": 65.77621483802795}