{"time_per_iteration": 15.180565857887268, "time_total": 607.2226343154907}