{"time_per_iteration": 12.429825818538665, "time_total": 248.59651637077332}