{"time_per_iteration": 14.398724687099456, "time_total": 287.97449374198914}