{"time_per_iteration": 33.6371809065342, "time_total": 1345.4872362613678}