{"time_per_iteration": 3.203614366054535, "time_total": 64.0722873210907}