{"time_per_iteration": 3.249884307384491, "time_total": 64.99768614768982}