{"time_per_iteration": 16.168104147911073, "time_total": 323.36208295822144}