{"time_per_iteration": 3.435546064376831, "time_total": 68.71092128753662}