{"time_per_iteration": 3.3410276412963866, "time_total": 66.82055282592773}